id,empCode,empName,anSalary,anTarget,sNo,itemCode,itemDesc,titemSelPrice,qty,salesTarget,totalSalCost,salCostPU,traDate,comment
329,329,Sanjay Kumar Mandal,240000,2000285,1,10001000,Microneedling RF ,31465,10,314650,37753,3775,2023-5-9 1-1-9,
329,329,Sanjay Kumar Mandal,240000,2000285,2,10001001,Microneedling RF - HandPiece ,4725,15,70875,8504,567,2023-5-9 1-1-9,
329,329,Sanjay Kumar Mandal,240000,2000285,3,10002000,Diode Laser Hair Removal Device ,51380,5,256900,30824,6165,2023-5-9 1-1-9,
329,329,Sanjay Kumar Mandal,240000,2000285,4,10003000,Portable Diode Laser Hair Removal Equipment ,47180,7,330260,39626,5661,2023-5-9 1-1-9,
329,329,Sanjay Kumar Mandal,240000,2000285,5,10003001,Portable Diode Laser Hair Removal Equipment - Hand Piece ,6300,19,119700,14362,756,2023-5-9 1-1-9,
329,329,Sanjay Kumar Mandal,240000,2000285,6,10004000,RF Fractional CO2 Laser ,81900,4,327600,39306,9827,2023-5-9 1-1-9,
329,329,Sanjay Kumar Mandal,240000,2000285,7,10004001,RF Fractional CO2 Laser - Handpiece ,7700,11,84700,10163,924,2023-5-9 1-1-9,
329,329,Sanjay Kumar Mandal,240000,2000285,8,10004002,RF Fractional CO2 Laser - Accessories ,1400,20,28000,3360,168,2023-5-9 1-1-9,
329,329,Sanjay Kumar Mandal,240000,2000285,9,10005000,Bruun Mci ,86800,3,260400,31244,10415,2023-5-9 1-1-9,
329,329,Sanjay Kumar Mandal,240000,2000285,10,10006000,Caviation Laser ,24500,4,98000,11758,2940,2023-5-9 1-1-9,
329,329,Sanjay Kumar Mandal,240000,2000285,11,10007000,Crio Lipo ,36400,3,109200,13102,4367,2023-5-9 1-1-9,
345,345,Pune Pratap Panjiyar,216000,1799455,1,10001000,Microneedling RF ,31465,7,220255,26439,3777,2023-5-9 1-17-45,
345,345,Pune Pratap Panjiyar,216000,1799455,2,10001001,Microneedling RF - HandPiece ,4725,12,56700,6806,567,2023-5-9 1-17-45,
345,345,Pune Pratap Panjiyar,216000,1799455,3,10004000,RF Fractional CO2 Laser ,81900,3,245700,29493,9831,2023-5-9 1-17-45,
345,345,Pune Pratap Panjiyar,216000,1799455,4,10004001,RF Fractional CO2 Laser - Handpiece ,7700,18,138600,16637,924,2023-5-9 1-17-45,
345,345,Pune Pratap Panjiyar,216000,1799455,5,10005000,Bruun Mci ,86800,4,347200,41677,10419,2023-5-9 1-17-45,
345,345,Pune Pratap Panjiyar,216000,1799455,6,10006000,Caviation Laser ,24500,6,147000,17645,2941,2023-5-9 1-17-45,
345,345,Pune Pratap Panjiyar,216000,1799455,7,10011000,Hydra Fresh ,74200,8,593600,71254,8907,2023-5-9 1-17-45,
345,345,Pune Pratap Panjiyar,216000,1799455,8,10012000,Hydra-new ,16800,3,50400,6050,2017,2023-5-9 1-17-45,
365,365,Allen Joseph Anora,180000,1500275,1,10001000,Microneedling RF ,31465,10,314650,37751,3775,2023-5-9 3-20-21,
365,365,Allen Joseph Anora,180000,1500275,2,10001001,Microneedling RF - HandPiece ,4725,41,193725,23243,567,2023-5-9 3-20-21,
365,365,Allen Joseph Anora,180000,1500275,3,10005000,Bruun Mci ,86800,6,520800,62485,10414,2023-5-9 3-20-21,
365,365,Allen Joseph Anora,180000,1500275,4,10018000,SVTA Radio ,25200,8,201600,24188,3024,2023-5-9 3-20-21,
365,365,Allen Joseph Anora,180000,1500275,5,10018001,SVTA Radio Hand Pice 1 ,1680,15,25200,3023,202,2023-5-9 3-20-21,
365,365,Allen Joseph Anora,180000,1500275,6,10018002,SVTA Radio Hand Pice 2 ,2100,20,42000,5039,252,2023-5-9 3-20-21,
365,365,Allen Joseph Anora,180000,1500275,7,10018003,SVTA Radio Hand Pice 3 ,1960,25,49000,5879,235,2023-5-9 3-20-21,
365,365,Allen Joseph Anora,180000,1500275,8,10018004,SVTA Radio Hand Pice 4 ,1820,35,63700,7643,218,2023-5-9 3-20-21,
365,365,Allen Joseph Anora,180000,1500275,9,10018005,SVTA Radio Hand Pice 5 ,2240,40,89600,10750,269,2023-5-9 3-20-21,
366,366,Franco Viola Parota,132000,1000160,1,10002000,Diode Laser Hair Removal Device ,51380,3,154140,20343,6781,2023-5-9 3-25-25,
366,366,Franco Viola Parota,132000,1000160,2,10003000,Portable Diode Laser Hair Removal Equipment ,47180,4,188720,24907,6227,2023-5-9 3-25-25,
366,366,Franco Viola Parota,132000,1000160,3,10003001,Portable Diode Laser Hair Removal Equipment - Hand Piece ,6300,16,100800,13303,831,2023-5-9 3-25-25,
366,366,Franco Viola Parota,132000,1000160,4,10004000,RF Fractional CO2 Laser ,81900,4,327600,43236,10809,2023-5-9 3-25-25,
366,366,Franco Viola Parota,132000,1000160,5,10004001,RF Fractional CO2 Laser - Handpiece ,7700,25,192500,25406,1016,2023-5-9 3-25-25,
366,366,Franco Viola Parota,132000,1000160,6,10004002,RF Fractional CO2 Laser - Accessories ,1400,26,36400,4804,185,2023-5-9 3-25-25,
370,370,Ariel Abapo Naciogoyo,120000,1001000,1,10004000,RF Fractional CO2 Laser ,81900,2,163800,19636,9818,2023-5-9 3-28-0,
370,370,Ariel Abapo Naciogoyo,120000,1001000,2,10004001,RF Fractional CO2 Laser - Handpiece ,7700,12,92400,11077,923,2023-5-9 3-28-0,
370,370,Ariel Abapo Naciogoyo,120000,1001000,3,10004002,RF Fractional CO2 Laser - Accessories ,1400,22,30800,3692,168,2023-5-9 3-28-0,
370,370,Ariel Abapo Naciogoyo,120000,1001000,4,10005000,Bruun Mci ,86800,3,260400,31217,10406,2023-5-9 3-28-0,
370,370,Ariel Abapo Naciogoyo,120000,1001000,5,10006000,Caviation Laser ,24500,6,147000,17622,2937,2023-5-9 3-28-0,
370,370,Ariel Abapo Naciogoyo,120000,1001000,6,10007000,Crio Lipo ,36400,3,109200,13091,4364,2023-5-9 3-28-0,
370,370,Ariel Abapo Naciogoyo,120000,1001000,7,10009000,G5 Slimming ,51800,3,155400,18629,6210,2023-5-9 3-28-0,
370,370,Ariel Abapo Naciogoyo,120000,1001000,8,10009001,G5 Slimming Applicators ,2800,15,42000,5035,336,2023-5-9 3-28-0,
415,415,Tampos Antonio Magalona,150000,1400245,1,10001000,Microneedling RF ,31465,10,314650,33707,3371,2023-5-10 20-34-31,
415,415,Tampos Antonio Magalona,150000,1400245,2,10001001,Microneedling RF - HandPiece ,4725,23,108675,11642,506,2023-5-10 20-34-31,
415,415,Tampos Antonio Magalona,150000,1400245,3,10002000,Diode Laser Hair Removal Device ,51380,4,205520,22016,5504,2023-5-10 20-34-31,
415,415,Tampos Antonio Magalona,150000,1400245,4,10003001,Portable Diode Laser Hair Removal Equipment - Hand Piece ,6300,26,163800,17547,675,2023-5-10 20-34-31,
415,415,Tampos Antonio Magalona,150000,1400245,5,10005000,Bruun Mci ,86800,7,607600,65089,9298,2023-5-10 20-34-31,
